product_id,product_name,category,brand,cost_price
P1,Product 1,Electronics,BrandC,795
P2,Product 2,Furniture,BrandB,241
P3,Product 3,Electronics,BrandD,705
P4,Product 4,Furniture,BrandA,111
P5,Product 5,Fashion,BrandD,459
P6,Product 6,Grocery,BrandB,125
P7,Product 7,Grocery,BrandC,264
P8,Product 8,Electronics,BrandA,324
P9,Product 9,Furniture,BrandC,574
P10,Product 10,Fashion,BrandB,789
P11,Product 11,Furniture,BrandA,617
P12,Product 12,Furniture,BrandB,116
P13,Product 13,Furniture,BrandB,496
P14,Product 14,Fashion,BrandA,285
P15,Product 15,Furniture,BrandD,594
P16,Product 16,Grocery,BrandA,122
P17,Product 17,Electronics,BrandC,273
P18,Product 18,Hardware,BrandD,474
P19,Product 19,Furniture,BrandA,532
P20,Product 20,Grocery,BrandA,685
P21,Product 21,Grocery,BrandA,512
P22,Product 22,Electronics,BrandA,280
P23,Product 23,Electronics,BrandA,54
P24,Product 24,Hardware,BrandC,400
P25,Product 25,Hardware,BrandB,416
P26,Product 26,Hardware,BrandC,46
P27,Product 27,Fashion,BrandB,325
P28,Product 28,Fashion,BrandA,755
P29,Product 29,Grocery,BrandC,718
P30,Product 30,Electronics,BrandB,690
P31,Product 31,Furniture,BrandB,600
P32,Product 32,Electronics,BrandA,184
P33,Product 33,Fashion,BrandA,277
P34,Product 34,Grocery,BrandD,121
P35,Product 35,Furniture,BrandD,474
P36,Product 36,Hardware,BrandB,212
P37,Product 37,Hardware,BrandD,790
P38,Product 38,Fashion,BrandC,318
P39,Product 39,Grocery,BrandB,40
P40,Product 40,Electronics,BrandC,64
P41,Product 41,Fashion,BrandD,499
P42,Product 42,Electronics,BrandC,515
P43,Product 43,Furniture,BrandB,702
P44,Product 44,Electronics,BrandC,709
P45,Product 45,Furniture,BrandB,242
P46,Product 46,Grocery,BrandD,318
P47,Product 47,Fashion,BrandB,500
P48,Product 48,Electronics,BrandD,43
P49,Product 49,Grocery,BrandA,357
P50,Product 50,Grocery,BrandD,103
P51,Product 51,Electronics,BrandB,79
P52,Product 52,Hardware,BrandB,307
P53,Product 53,Hardware,BrandA,653
P54,Product 54,Furniture,BrandA,536
P55,Product 55,Grocery,BrandD,173
P56,Product 56,Fashion,BrandC,300
P57,Product 57,Fashion,BrandC,453
P58,Product 58,Grocery,BrandA,361
P59,Product 59,Hardware,BrandD,105
P60,Product 60,Grocery,BrandA,606
P61,Product 61,Furniture,BrandA,798
P62,Product 62,Grocery,BrandB,210
P63,Product 63,Electronics,BrandB,271
P64,Product 64,Hardware,BrandB,87
P65,Product 65,Electronics,BrandA,165
P66,Product 66,Electronics,BrandD,653
P67,Product 67,Grocery,BrandC,573
P68,Product 68,Grocery,BrandC,681
P69,Product 69,Fashion,BrandB,593
P70,Product 70,Electronics,BrandD,274
P71,Product 71,Grocery,BrandB,150
P72,Product 72,Fashion,BrandD,396
P73,Product 73,Electronics,BrandD,551
P74,Product 74,Fashion,BrandD,218
P75,Product 75,Hardware,BrandA,240
P76,Product 76,Furniture,BrandD,429
P77,Product 77,Electronics,BrandA,662
P78,Product 78,Grocery,BrandC,190
P79,Product 79,Hardware,BrandC,164
P80,Product 80,Fashion,BrandA,507
P81,Product 81,Furniture,BrandC,373
P82,Product 82,Electronics,BrandC,200
P83,Product 83,Furniture,BrandB,180
P84,Product 84,Hardware,BrandA,483
P85,Product 85,Furniture,BrandA,79
P86,Product 86,Electronics,BrandA,234
P87,Product 87,Hardware,BrandB,599
P88,Product 88,Fashion,BrandA,211
P89,Product 89,Electronics,BrandC,507
P90,Product 90,Furniture,BrandD,244
P91,Product 91,Electronics,BrandB,411
P92,Product 92,Hardware,BrandB,728
P93,Product 93,Furniture,BrandA,180
P94,Product 94,Fashion,BrandD,780
P95,Product 95,Grocery,BrandD,474
P96,Product 96,Fashion,BrandD,130
P97,Product 97,Electronics,BrandC,78
P98,Product 98,Grocery,BrandD,564
P99,Product 99,Hardware,BrandA,572
P100,Product 100,Furniture,BrandC,692
P101,Product 101,Furniture,BrandD,48
P102,Product 102,Hardware,BrandA,786
P103,Product 103,Electronics,BrandC,204
P104,Product 104,Fashion,BrandC,243
P105,Product 105,Grocery,BrandD,376
P106,Product 106,Hardware,BrandC,511
P107,Product 107,Electronics,BrandB,752
P108,Product 108,Electronics,BrandA,617
P109,Product 109,Grocery,BrandD,597
P110,Product 110,Hardware,BrandA,133
P111,Product 111,Fashion,BrandA,397
P112,Product 112,Fashion,BrandB,796
P113,Product 113,Hardware,BrandC,304
P114,Product 114,Furniture,BrandB,116
P115,Product 115,Fashion,BrandB,143
P116,Product 116,Furniture,BrandC,175
P117,Product 117,Hardware,BrandD,129
P118,Product 118,Electronics,BrandA,72
P119,Product 119,Hardware,BrandD,193
P120,Product 120,Electronics,BrandD,698
P121,Product 121,Hardware,BrandB,607
P122,Product 122,Furniture,BrandC,333
P123,Product 123,Furniture,BrandC,745
P124,Product 124,Hardware,BrandA,713
P125,Product 125,Electronics,BrandC,409
P126,Product 126,Hardware,BrandD,64
P127,Product 127,Electronics,BrandC,682
P128,Product 128,Furniture,BrandC,136
P129,Product 129,Grocery,BrandD,141
P130,Product 130,Fashion,BrandA,501
P131,Product 131,Furniture,BrandA,189
P132,Product 132,Hardware,BrandD,697
P133,Product 133,Hardware,BrandC,419
P134,Product 134,Electronics,BrandC,680
P135,Product 135,Fashion,BrandA,519
P136,Product 136,Furniture,BrandA,93
P137,Product 137,Fashion,BrandA,168
P138,Product 138,Fashion,BrandB,556
P139,Product 139,Furniture,BrandA,80
P140,Product 140,Electronics,BrandC,73
P141,Product 141,Electronics,BrandA,242
P142,Product 142,Electronics,BrandC,750
P143,Product 143,Grocery,BrandC,492
P144,Product 144,Fashion,BrandC,335
P145,Product 145,Grocery,BrandA,189
P146,Product 146,Electronics,BrandA,720
P147,Product 147,Furniture,BrandD,51
P148,Product 148,Fashion,BrandA,72
P149,Product 149,Furniture,BrandA,158
P150,Product 150,Hardware,BrandA,393
P151,Product 151,Fashion,BrandB,66
P152,Product 152,Furniture,BrandA,109
P153,Product 153,Electronics,BrandB,55
P154,Product 154,Grocery,BrandC,244
P155,Product 155,Furniture,BrandC,573
P156,Product 156,Hardware,BrandC,759
P157,Product 157,Electronics,BrandC,288
P158,Product 158,Hardware,BrandB,205
P159,Product 159,Grocery,BrandB,390
P160,Product 160,Hardware,BrandC,254
P161,Product 161,Furniture,BrandA,141
P162,Product 162,Furniture,BrandC,443
P163,Product 163,Electronics,BrandC,408
P164,Product 164,Grocery,BrandB,136
P165,Product 165,Grocery,BrandC,485
P166,Product 166,Fashion,BrandB,448
P167,Product 167,Fashion,BrandD,461
P168,Product 168,Furniture,BrandB,58
P169,Product 169,Hardware,BrandC,181
P170,Product 170,Hardware,BrandA,640
P171,Product 171,Electronics,BrandB,545
P172,Product 172,Grocery,BrandB,185
P173,Product 173,Furniture,BrandB,464
P174,Product 174,Hardware,BrandC,462
P175,Product 175,Fashion,BrandC,350
P176,Product 176,Furniture,BrandB,354
P177,Product 177,Electronics,BrandA,131
P178,Product 178,Furniture,BrandC,765
P179,Product 179,Hardware,BrandA,733
P180,Product 180,Electronics,BrandD,158
P181,Product 181,Fashion,BrandA,798
P182,Product 182,Fashion,BrandC,185
P183,Product 183,Hardware,BrandB,433
P184,Product 184,Electronics,BrandD,188
P185,Product 185,Fashion,BrandA,788
P186,Product 186,Electronics,BrandB,143
P187,Product 187,Furniture,BrandD,569
P188,Product 188,Grocery,BrandA,780
P189,Product 189,Grocery,BrandB,768
P190,Product 190,Grocery,BrandD,117
P191,Product 191,Fashion,BrandC,79
P192,Product 192,Hardware,BrandA,38
P193,Product 193,Grocery,BrandA,143
P194,Product 194,Hardware,BrandD,245
P195,Product 195,Grocery,BrandA,631
P196,Product 196,Furniture,BrandB,343
P197,Product 197,Grocery,BrandA,36
P198,Product 198,Hardware,BrandA,779
P199,Product 199,Fashion,BrandB,99
P200,Product 200,Furniture,BrandB,616
P201,Product 201,Hardware,BrandC,475
P202,Product 202,Electronics,BrandB,560
P203,Product 203,Grocery,BrandA,665
P204,Product 204,Furniture,BrandD,725
P205,Product 205,Fashion,BrandA,650
P206,Product 206,Electronics,BrandC,397
P207,Product 207,Grocery,BrandD,210
P208,Product 208,Furniture,BrandC,684
P209,Product 209,Hardware,BrandA,510
P210,Product 210,Grocery,BrandB,424
P211,Product 211,Furniture,BrandD,291
P212,Product 212,Grocery,BrandA,663
P213,Product 213,Furniture,BrandD,449
P214,Product 214,Hardware,BrandC,539
P215,Product 215,Grocery,BrandA,665
P216,Product 216,Furniture,BrandD,403
P217,Product 217,Electronics,BrandA,211
P218,Product 218,Fashion,BrandA,622
P219,Product 219,Furniture,BrandC,454
P220,Product 220,Furniture,BrandC,780
P221,Product 221,Furniture,BrandC,783
P222,Product 222,Grocery,BrandB,82
P223,Product 223,Fashion,BrandD,235
P224,Product 224,Grocery,BrandC,153
P225,Product 225,Furniture,BrandB,638
P226,Product 226,Furniture,BrandB,180
P227,Product 227,Fashion,BrandD,277
P228,Product 228,Electronics,BrandD,444
P229,Product 229,Grocery,BrandC,547
P230,Product 230,Electronics,BrandB,377
P231,Product 231,Furniture,BrandD,394
P232,Product 232,Furniture,BrandD,590
P233,Product 233,Hardware,BrandD,28
P234,Product 234,Hardware,BrandD,216
P235,Product 235,Electronics,BrandB,136
P236,Product 236,Hardware,BrandA,29
P237,Product 237,Fashion,BrandD,538
P238,Product 238,Electronics,BrandB,368
P239,Product 239,Hardware,BrandD,725
P240,Product 240,Hardware,BrandB,423
P241,Product 241,Fashion,BrandC,654
P242,Product 242,Fashion,BrandA,594
P243,Product 243,Electronics,BrandB,23
P244,Product 244,Grocery,BrandB,347
P245,Product 245,Fashion,BrandB,781
P246,Product 246,Hardware,BrandD,531
P247,Product 247,Electronics,BrandC,149
P248,Product 248,Grocery,BrandD,606
P249,Product 249,Electronics,BrandC,503
P250,Product 250,Hardware,BrandA,377
P251,Product 251,Grocery,BrandD,404
P252,Product 252,Grocery,BrandB,273
P253,Product 253,Fashion,BrandA,186
P254,Product 254,Furniture,BrandD,732
P255,Product 255,Hardware,BrandC,699
P256,Product 256,Furniture,BrandD,488
P257,Product 257,Hardware,BrandD,512
P258,Product 258,Electronics,BrandB,357
P259,Product 259,Furniture,BrandB,70
P260,Product 260,Grocery,BrandA,75
P261,Product 261,Fashion,BrandB,92
P262,Product 262,Hardware,BrandD,619
P263,Product 263,Fashion,BrandD,71
P264,Product 264,Hardware,BrandC,144
P265,Product 265,Grocery,BrandD,281
P266,Product 266,Grocery,BrandA,799
P267,Product 267,Grocery,BrandA,594
P268,Product 268,Grocery,BrandB,567
P269,Product 269,Grocery,BrandC,540
P270,Product 270,Fashion,BrandD,349
P271,Product 271,Electronics,BrandB,342
P272,Product 272,Furniture,BrandD,260
P273,Product 273,Fashion,BrandA,304
P274,Product 274,Furniture,BrandA,621
P275,Product 275,Electronics,BrandC,283
P276,Product 276,Hardware,BrandD,318
P277,Product 277,Electronics,BrandD,224
P278,Product 278,Electronics,BrandA,310
P279,Product 279,Hardware,BrandC,230
P280,Product 280,Furniture,BrandB,385
P281,Product 281,Grocery,BrandC,483
P282,Product 282,Hardware,BrandB,738
P283,Product 283,Hardware,BrandB,341
P284,Product 284,Electronics,BrandA,377
P285,Product 285,Hardware,BrandB,113
P286,Product 286,Fashion,BrandD,730
P287,Product 287,Grocery,BrandA,188
P288,Product 288,Electronics,BrandC,316
P289,Product 289,Furniture,BrandC,758
P290,Product 290,Furniture,BrandB,535
P291,Product 291,Furniture,BrandD,117
P292,Product 292,Furniture,BrandC,724
P293,Product 293,Furniture,BrandB,797
P294,Product 294,Electronics,BrandC,369
P295,Product 295,Fashion,BrandD,755
P296,Product 296,Fashion,BrandB,598
P297,Product 297,Furniture,BrandD,669
P298,Product 298,Fashion,BrandB,420
P299,Product 299,Grocery,BrandD,770
P300,Product 300,Fashion,BrandC,470
P301,Product 301,Hardware,BrandC,494
P302,Product 302,Furniture,BrandD,438
P303,Product 303,Hardware,BrandC,23
P304,Product 304,Hardware,BrandC,343
P305,Product 305,Furniture,BrandB,388
P306,Product 306,Electronics,BrandD,633
P307,Product 307,Fashion,BrandB,414
P308,Product 308,Grocery,BrandC,575
P309,Product 309,Electronics,BrandC,138
P310,Product 310,Grocery,BrandA,719
P311,Product 311,Furniture,BrandD,762
P312,Product 312,Fashion,BrandD,209
P313,Product 313,Electronics,BrandB,641
P314,Product 314,Furniture,BrandD,435
P315,Product 315,Electronics,BrandB,125
P316,Product 316,Hardware,BrandC,184
P317,Product 317,Fashion,BrandA,657
P318,Product 318,Fashion,BrandC,365
P319,Product 319,Furniture,BrandB,117
P320,Product 320,Furniture,BrandB,505
P321,Product 321,Furniture,BrandA,350
P322,Product 322,Fashion,BrandC,389
P323,Product 323,Hardware,BrandD,461
P324,Product 324,Fashion,BrandA,139
P325,Product 325,Furniture,BrandD,318
P326,Product 326,Grocery,BrandC,162
P327,Product 327,Hardware,BrandA,726
P328,Product 328,Fashion,BrandC,661
P329,Product 329,Grocery,BrandC,635
P330,Product 330,Hardware,BrandD,112
P331,Product 331,Fashion,BrandD,316
P332,Product 332,Furniture,BrandD,466
P333,Product 333,Fashion,BrandC,499
P334,Product 334,Hardware,BrandB,753
P335,Product 335,Furniture,BrandC,731
P336,Product 336,Electronics,BrandB,277
P337,Product 337,Grocery,BrandA,541
P338,Product 338,Furniture,BrandD,702
P339,Product 339,Furniture,BrandD,394
P340,Product 340,Hardware,BrandC,446
P341,Product 341,Hardware,BrandB,120
P342,Product 342,Grocery,BrandA,641
P343,Product 343,Hardware,BrandC,778
P344,Product 344,Furniture,BrandA,263
P345,Product 345,Grocery,BrandB,42
P346,Product 346,Grocery,BrandD,373
P347,Product 347,Fashion,BrandD,485
P348,Product 348,Furniture,BrandB,244
P349,Product 349,Furniture,BrandD,463
P350,Product 350,Hardware,BrandC,793
P351,Product 351,Furniture,BrandB,288
P352,Product 352,Hardware,BrandD,552
P353,Product 353,Furniture,BrandB,333
P354,Product 354,Fashion,BrandA,139
P355,Product 355,Furniture,BrandC,500
P356,Product 356,Fashion,BrandC,139
P357,Product 357,Furniture,BrandC,729
P358,Product 358,Furniture,BrandD,155
P359,Product 359,Electronics,BrandA,96
P360,Product 360,Furniture,BrandD,373
P361,Product 361,Fashion,BrandD,77
P362,Product 362,Grocery,BrandB,105
P363,Product 363,Fashion,BrandC,20
P364,Product 364,Furniture,BrandD,96
P365,Product 365,Hardware,BrandC,541
P366,Product 366,Electronics,BrandA,463
P367,Product 367,Hardware,BrandA,600
P368,Product 368,Electronics,BrandC,167
P369,Product 369,Electronics,BrandC,593
P370,Product 370,Hardware,BrandA,544
P371,Product 371,Furniture,BrandA,205
P372,Product 372,Fashion,BrandD,696
P373,Product 373,Hardware,BrandA,541
P374,Product 374,Grocery,BrandD,790
P375,Product 375,Electronics,BrandA,181
P376,Product 376,Fashion,BrandD,309
P377,Product 377,Grocery,BrandB,440
P378,Product 378,Fashion,BrandB,215
P379,Product 379,Furniture,BrandD,53
P380,Product 380,Grocery,BrandC,691
P381,Product 381,Hardware,BrandB,616
P382,Product 382,Fashion,BrandA,589
P383,Product 383,Hardware,BrandC,427
P384,Product 384,Hardware,BrandA,796
P385,Product 385,Fashion,BrandB,316
P386,Product 386,Fashion,BrandA,556
P387,Product 387,Electronics,BrandD,55
P388,Product 388,Electronics,BrandC,283
P389,Product 389,Grocery,BrandB,401
P390,Product 390,Grocery,BrandC,133
P391,Product 391,Grocery,BrandD,636
P392,Product 392,Electronics,BrandB,624
P393,Product 393,Hardware,BrandA,620
P394,Product 394,Furniture,BrandC,462
P395,Product 395,Furniture,BrandB,182
P396,Product 396,Fashion,BrandB,57
P397,Product 397,Electronics,BrandD,111
P398,Product 398,Fashion,BrandB,650
P399,Product 399,Furniture,BrandB,742
P400,Product 400,Fashion,BrandD,691
P401,Product 401,Electronics,BrandA,120
P402,Product 402,Electronics,BrandA,526
P403,Product 403,Electronics,BrandB,198
P404,Product 404,Furniture,BrandA,303
P405,Product 405,Electronics,BrandD,374
P406,Product 406,Grocery,BrandA,316
P407,Product 407,Grocery,BrandB,554
P408,Product 408,Electronics,BrandD,507
P409,Product 409,Grocery,BrandA,298
P410,Product 410,Electronics,BrandC,563
P411,Product 411,Furniture,BrandC,669
P412,Product 412,Grocery,BrandD,612
P413,Product 413,Furniture,BrandA,374
P414,Product 414,Grocery,BrandB,338
P415,Product 415,Hardware,BrandC,214
P416,Product 416,Hardware,BrandA,112
P417,Product 417,Furniture,BrandA,452
P418,Product 418,Grocery,BrandB,577
P419,Product 419,Hardware,BrandB,46
P420,Product 420,Electronics,BrandA,434
P421,Product 421,Fashion,BrandB,181
P422,Product 422,Hardware,BrandD,120
P423,Product 423,Hardware,BrandC,718
P424,Product 424,Electronics,BrandC,492
P425,Product 425,Hardware,BrandA,725
P426,Product 426,Hardware,BrandA,177
P427,Product 427,Hardware,BrandB,511
P428,Product 428,Grocery,BrandC,28
P429,Product 429,Hardware,BrandB,231
P430,Product 430,Fashion,BrandA,458
P431,Product 431,Grocery,BrandA,698
P432,Product 432,Grocery,BrandA,130
P433,Product 433,Furniture,BrandA,222
P434,Product 434,Hardware,BrandA,779
P435,Product 435,Fashion,BrandA,84
P436,Product 436,Fashion,BrandD,734
P437,Product 437,Furniture,BrandD,180
P438,Product 438,Fashion,BrandB,433
P439,Product 439,Grocery,BrandD,664
P440,Product 440,Electronics,BrandB,709
P441,Product 441,Grocery,BrandB,724
P442,Product 442,Electronics,BrandD,285
P443,Product 443,Fashion,BrandC,591
P444,Product 444,Hardware,BrandB,224
P445,Product 445,Electronics,BrandA,686
P446,Product 446,Grocery,BrandB,603
P447,Product 447,Grocery,BrandB,175
P448,Product 448,Grocery,BrandC,192
P449,Product 449,Grocery,BrandA,327
P450,Product 450,Furniture,BrandC,469
P451,Product 451,Fashion,BrandC,81
P452,Product 452,Hardware,BrandC,392
P453,Product 453,Furniture,BrandB,479
P454,Product 454,Fashion,BrandA,494
P455,Product 455,Electronics,BrandA,400
P456,Product 456,Furniture,BrandC,736
P457,Product 457,Furniture,BrandD,591
P458,Product 458,Furniture,BrandA,105
P459,Product 459,Furniture,BrandA,162
P460,Product 460,Electronics,BrandC,26
P461,Product 461,Grocery,BrandB,314
P462,Product 462,Furniture,BrandC,710
P463,Product 463,Fashion,BrandD,758
P464,Product 464,Grocery,BrandD,538
P465,Product 465,Electronics,BrandC,671
P466,Product 466,Hardware,BrandD,545
P467,Product 467,Electronics,BrandB,53
P468,Product 468,Hardware,BrandB,771
P469,Product 469,Fashion,BrandB,348
P470,Product 470,Hardware,BrandD,628
P471,Product 471,Furniture,BrandB,799
P472,Product 472,Grocery,BrandC,657
P473,Product 473,Grocery,BrandB,53
P474,Product 474,Furniture,BrandD,425
P475,Product 475,Grocery,BrandA,37
P476,Product 476,Electronics,BrandD,449
P477,Product 477,Furniture,BrandC,447
P478,Product 478,Furniture,BrandC,312
P479,Product 479,Grocery,BrandD,599
P480,Product 480,Hardware,BrandB,768
P481,Product 481,Fashion,BrandB,99
P482,Product 482,Hardware,BrandA,105
P483,Product 483,Electronics,BrandB,591
P484,Product 484,Furniture,BrandC,67
P485,Product 485,Furniture,BrandB,710
P486,Product 486,Electronics,BrandD,103
P487,Product 487,Fashion,BrandD,626
P488,Product 488,Furniture,BrandA,327
P489,Product 489,Hardware,BrandC,271
P490,Product 490,Electronics,BrandD,500
P491,Product 491,Furniture,BrandC,199
P492,Product 492,Hardware,BrandB,615
P493,Product 493,Electronics,BrandA,329
P494,Product 494,Electronics,BrandA,445
P495,Product 495,Electronics,BrandB,505
P496,Product 496,Fashion,BrandD,681
P497,Product 497,Electronics,BrandC,58
P498,Product 498,Grocery,BrandC,298
P499,Product 499,Grocery,BrandC,644
P500,Product 500,Electronics,BrandD,395
P501,Product 501,Furniture,BrandB,658
P502,Product 502,Grocery,BrandC,60
P503,Product 503,Hardware,BrandD,689
P504,Product 504,Hardware,BrandC,737
P505,Product 505,Furniture,BrandD,66
P506,Product 506,Hardware,BrandB,503
P507,Product 507,Furniture,BrandC,204
P508,Product 508,Hardware,BrandB,91
P509,Product 509,Electronics,BrandA,588
P510,Product 510,Hardware,BrandD,770
P511,Product 511,Electronics,BrandA,593
P512,Product 512,Hardware,BrandB,361
P513,Product 513,Hardware,BrandB,588
P514,Product 514,Hardware,BrandB,262
P515,Product 515,Electronics,BrandC,347
P516,Product 516,Hardware,BrandC,655
P517,Product 517,Hardware,BrandB,172
P518,Product 518,Fashion,BrandB,274
P519,Product 519,Electronics,BrandC,748
P520,Product 520,Grocery,BrandC,443
P521,Product 521,Furniture,BrandD,251
P522,Product 522,Fashion,BrandB,548
P523,Product 523,Hardware,BrandC,611
P524,Product 524,Grocery,BrandC,515
P525,Product 525,Grocery,BrandA,195
P526,Product 526,Hardware,BrandB,570
P527,Product 527,Hardware,BrandB,162
P528,Product 528,Fashion,BrandC,36
P529,Product 529,Electronics,BrandA,268
P530,Product 530,Fashion,BrandD,54
P531,Product 531,Electronics,BrandB,165
P532,Product 532,Grocery,BrandD,746
P533,Product 533,Furniture,BrandB,184
P534,Product 534,Hardware,BrandC,130
P535,Product 535,Fashion,BrandD,666
P536,Product 536,Grocery,BrandB,93
P537,Product 537,Fashion,BrandD,687
P538,Product 538,Electronics,BrandC,746
P539,Product 539,Hardware,BrandA,373
P540,Product 540,Electronics,BrandA,293
P541,Product 541,Electronics,BrandD,298
P542,Product 542,Electronics,BrandD,679
P543,Product 543,Grocery,BrandD,50
P544,Product 544,Hardware,BrandB,545
P545,Product 545,Furniture,BrandC,554
P546,Product 546,Fashion,BrandD,529
P547,Product 547,Electronics,BrandA,533
P548,Product 548,Hardware,BrandB,197
P549,Product 549,Fashion,BrandD,348
P550,Product 550,Hardware,BrandB,590
P551,Product 551,Fashion,BrandD,707
P552,Product 552,Hardware,BrandD,191
P553,Product 553,Furniture,BrandB,415
P554,Product 554,Hardware,BrandC,614
P555,Product 555,Hardware,BrandC,754
P556,Product 556,Electronics,BrandA,54
P557,Product 557,Electronics,BrandC,316
P558,Product 558,Electronics,BrandC,488
P559,Product 559,Hardware,BrandB,514
P560,Product 560,Furniture,BrandB,641
P561,Product 561,Fashion,BrandA,254
P562,Product 562,Electronics,BrandD,58
P563,Product 563,Grocery,BrandB,238
P564,Product 564,Hardware,BrandB,236
P565,Product 565,Furniture,BrandB,725
P566,Product 566,Furniture,BrandC,694
P567,Product 567,Electronics,BrandB,647
P568,Product 568,Electronics,BrandA,692
P569,Product 569,Grocery,BrandA,620
P570,Product 570,Grocery,BrandB,439
P571,Product 571,Electronics,BrandD,672
P572,Product 572,Fashion,BrandB,193
P573,Product 573,Electronics,BrandA,732
P574,Product 574,Electronics,BrandD,132
P575,Product 575,Furniture,BrandC,193
P576,Product 576,Electronics,BrandB,93
P577,Product 577,Electronics,BrandA,656
P578,Product 578,Electronics,BrandC,555
P579,Product 579,Fashion,BrandA,51
P580,Product 580,Furniture,BrandC,273
P581,Product 581,Hardware,BrandA,516
P582,Product 582,Hardware,BrandA,132
P583,Product 583,Hardware,BrandC,214
P584,Product 584,Hardware,BrandB,547
P585,Product 585,Furniture,BrandA,460
P586,Product 586,Electronics,BrandD,508
P587,Product 587,Hardware,BrandB,516
P588,Product 588,Electronics,BrandD,743
P589,Product 589,Hardware,BrandA,639
P590,Product 590,Fashion,BrandC,43
P591,Product 591,Electronics,BrandB,309
P592,Product 592,Furniture,BrandC,327
P593,Product 593,Fashion,BrandC,323
P594,Product 594,Fashion,BrandD,650
P595,Product 595,Furniture,BrandD,712
P596,Product 596,Fashion,BrandB,57
P597,Product 597,Electronics,BrandB,405
P598,Product 598,Grocery,BrandB,764
P599,Product 599,Grocery,BrandD,600
P600,Product 600,Hardware,BrandD,101
P601,Product 601,Hardware,BrandC,137
P602,Product 602,Electronics,BrandC,69
P603,Product 603,Furniture,BrandC,688
P604,Product 604,Electronics,BrandB,93
P605,Product 605,Hardware,BrandA,714
P606,Product 606,Fashion,BrandD,125
P607,Product 607,Electronics,BrandB,720
P608,Product 608,Electronics,BrandD,618
P609,Product 609,Furniture,BrandA,345
P610,Product 610,Hardware,BrandD,703
P611,Product 611,Electronics,BrandD,783
P612,Product 612,Fashion,BrandD,375
P613,Product 613,Fashion,BrandC,487
P614,Product 614,Grocery,BrandA,675
P615,Product 615,Hardware,BrandB,303
P616,Product 616,Fashion,BrandB,204
P617,Product 617,Furniture,BrandB,173
P618,Product 618,Hardware,BrandA,137
P619,Product 619,Fashion,BrandD,286
P620,Product 620,Electronics,BrandB,404
P621,Product 621,Hardware,BrandA,274
P622,Product 622,Fashion,BrandC,260
P623,Product 623,Electronics,BrandA,190
P624,Product 624,Grocery,BrandC,636
P625,Product 625,Hardware,BrandA,567
P626,Product 626,Hardware,BrandC,597
P627,Product 627,Fashion,BrandB,204
P628,Product 628,Grocery,BrandA,721
P629,Product 629,Furniture,BrandC,686
P630,Product 630,Fashion,BrandD,429
P631,Product 631,Fashion,BrandB,758
P632,Product 632,Furniture,BrandB,672
P633,Product 633,Furniture,BrandC,607
P634,Product 634,Furniture,BrandC,165
P635,Product 635,Furniture,BrandA,57
P636,Product 636,Furniture,BrandC,509
P637,Product 637,Electronics,BrandC,281
P638,Product 638,Electronics,BrandD,145
P639,Product 639,Furniture,BrandB,623
P640,Product 640,Grocery,BrandC,364
P641,Product 641,Grocery,BrandC,280
P642,Product 642,Furniture,BrandD,462
P643,Product 643,Electronics,BrandC,127
P644,Product 644,Grocery,BrandD,576
P645,Product 645,Electronics,BrandB,456
P646,Product 646,Fashion,BrandB,533
P647,Product 647,Electronics,BrandD,732
P648,Product 648,Furniture,BrandD,109
P649,Product 649,Hardware,BrandB,234
P650,Product 650,Furniture,BrandB,646
P651,Product 651,Fashion,BrandD,338
P652,Product 652,Electronics,BrandA,623
P653,Product 653,Grocery,BrandB,717
P654,Product 654,Furniture,BrandB,791
P655,Product 655,Grocery,BrandD,689
P656,Product 656,Electronics,BrandD,76
P657,Product 657,Fashion,BrandD,578
P658,Product 658,Furniture,BrandA,421
P659,Product 659,Grocery,BrandD,241
P660,Product 660,Furniture,BrandA,494
P661,Product 661,Furniture,BrandD,127
P662,Product 662,Grocery,BrandD,199
P663,Product 663,Fashion,BrandA,196
P664,Product 664,Furniture,BrandC,506
P665,Product 665,Fashion,BrandB,433
P666,Product 666,Fashion,BrandD,711
P667,Product 667,Electronics,BrandC,56
P668,Product 668,Grocery,BrandA,594
P669,Product 669,Electronics,BrandD,287
P670,Product 670,Hardware,BrandA,407
P671,Product 671,Electronics,BrandA,373
P672,Product 672,Furniture,BrandA,289
P673,Product 673,Furniture,BrandC,288
P674,Product 674,Furniture,BrandA,461
P675,Product 675,Hardware,BrandB,324
P676,Product 676,Fashion,BrandD,265
P677,Product 677,Furniture,BrandD,197
P678,Product 678,Electronics,BrandB,86
P679,Product 679,Fashion,BrandD,296
P680,Product 680,Electronics,BrandB,227
P681,Product 681,Electronics,BrandC,326
P682,Product 682,Furniture,BrandA,569
P683,Product 683,Electronics,BrandC,650
P684,Product 684,Hardware,BrandB,557
P685,Product 685,Fashion,BrandA,537
P686,Product 686,Furniture,BrandC,293
P687,Product 687,Furniture,BrandA,252
P688,Product 688,Electronics,BrandA,133
P689,Product 689,Electronics,BrandC,153
P690,Product 690,Grocery,BrandD,444
P691,Product 691,Grocery,BrandB,709
P692,Product 692,Furniture,BrandC,44
P693,Product 693,Furniture,BrandC,579
P694,Product 694,Electronics,BrandD,299
P695,Product 695,Hardware,BrandB,362
P696,Product 696,Hardware,BrandC,91
P697,Product 697,Electronics,BrandA,220
P698,Product 698,Grocery,BrandB,345
P699,Product 699,Grocery,BrandD,52
P700,Product 700,Hardware,BrandC,116
P701,Product 701,Furniture,BrandA,576
P702,Product 702,Electronics,BrandB,282
P703,Product 703,Furniture,BrandC,89
P704,Product 704,Grocery,BrandB,312
P705,Product 705,Hardware,BrandA,749
P706,Product 706,Furniture,BrandA,226
P707,Product 707,Grocery,BrandB,191
P708,Product 708,Grocery,BrandA,777
P709,Product 709,Grocery,BrandA,414
P710,Product 710,Furniture,BrandB,275
P711,Product 711,Fashion,BrandB,283
P712,Product 712,Hardware,BrandD,283
P713,Product 713,Grocery,BrandC,536
P714,Product 714,Furniture,BrandD,29
P715,Product 715,Electronics,BrandD,290
P716,Product 716,Hardware,BrandD,761
P717,Product 717,Electronics,BrandD,331
P718,Product 718,Electronics,BrandC,389
P719,Product 719,Furniture,BrandB,586
P720,Product 720,Fashion,BrandA,572
P721,Product 721,Furniture,BrandA,669
P722,Product 722,Furniture,BrandB,410
P723,Product 723,Hardware,BrandB,134
P724,Product 724,Furniture,BrandB,594
P725,Product 725,Hardware,BrandA,363
P726,Product 726,Grocery,BrandD,429
P727,Product 727,Hardware,BrandD,565
P728,Product 728,Furniture,BrandD,397
P729,Product 729,Grocery,BrandC,783
P730,Product 730,Grocery,BrandD,475
P731,Product 731,Fashion,BrandC,442
P732,Product 732,Furniture,BrandA,463
P733,Product 733,Electronics,BrandC,216
P734,Product 734,Furniture,BrandB,382
P735,Product 735,Electronics,BrandB,429
P736,Product 736,Fashion,BrandA,783
P737,Product 737,Furniture,BrandD,593
P738,Product 738,Fashion,BrandA,413
P739,Product 739,Electronics,BrandB,756
P740,Product 740,Hardware,BrandD,528
P741,Product 741,Furniture,BrandB,585
P742,Product 742,Grocery,BrandA,690
P743,Product 743,Grocery,BrandD,313
P744,Product 744,Fashion,BrandA,44
P745,Product 745,Hardware,BrandB,256
P746,Product 746,Grocery,BrandD,480
P747,Product 747,Grocery,BrandB,340
P748,Product 748,Furniture,BrandD,119
P749,Product 749,Grocery,BrandC,759
P750,Product 750,Electronics,BrandC,709
P751,Product 751,Fashion,BrandB,427
P752,Product 752,Grocery,BrandA,174
P753,Product 753,Furniture,BrandC,453
P754,Product 754,Electronics,BrandC,770
P755,Product 755,Grocery,BrandD,453
P756,Product 756,Fashion,BrandD,162
P757,Product 757,Fashion,BrandD,548
P758,Product 758,Fashion,BrandB,304
P759,Product 759,Grocery,BrandA,24
P760,Product 760,Electronics,BrandA,542
P761,Product 761,Hardware,BrandD,739
P762,Product 762,Fashion,BrandB,455
P763,Product 763,Electronics,BrandD,437
P764,Product 764,Furniture,BrandA,100
P765,Product 765,Furniture,BrandB,564
P766,Product 766,Electronics,BrandD,396
P767,Product 767,Furniture,BrandD,178
P768,Product 768,Furniture,BrandA,646
P769,Product 769,Fashion,BrandB,236
P770,Product 770,Grocery,BrandA,792
P771,Product 771,Grocery,BrandB,689
P772,Product 772,Grocery,BrandB,64
P773,Product 773,Grocery,BrandD,651
P774,Product 774,Electronics,BrandA,234
P775,Product 775,Fashion,BrandB,530
P776,Product 776,Electronics,BrandC,147
P777,Product 777,Furniture,BrandD,273
P778,Product 778,Fashion,BrandA,569
P779,Product 779,Hardware,BrandB,741
P780,Product 780,Grocery,BrandD,371
P781,Product 781,Furniture,BrandA,625
P782,Product 782,Grocery,BrandA,560
P783,Product 783,Grocery,BrandD,183
P784,Product 784,Grocery,BrandB,668
P785,Product 785,Hardware,BrandD,554
P786,Product 786,Furniture,BrandC,150
P787,Product 787,Grocery,BrandD,617
P788,Product 788,Grocery,BrandA,715
P789,Product 789,Fashion,BrandC,523
P790,Product 790,Grocery,BrandC,443
P791,Product 791,Fashion,BrandB,768
P792,Product 792,Furniture,BrandD,203
P793,Product 793,Furniture,BrandB,690
P794,Product 794,Furniture,BrandD,542
P795,Product 795,Fashion,BrandA,573
P796,Product 796,Hardware,BrandB,254
P797,Product 797,Hardware,BrandA,150
P798,Product 798,Grocery,BrandA,716
P799,Product 799,Furniture,BrandC,33
P800,Product 800,Electronics,BrandB,785
P801,Product 801,Grocery,BrandD,678
P802,Product 802,Hardware,BrandB,399
P803,Product 803,Hardware,BrandA,79
P804,Product 804,Furniture,BrandC,311
P805,Product 805,Fashion,BrandB,179
P806,Product 806,Grocery,BrandC,466
P807,Product 807,Fashion,BrandC,557
P808,Product 808,Hardware,BrandA,596
P809,Product 809,Furniture,BrandB,405
P810,Product 810,Hardware,BrandB,89
P811,Product 811,Furniture,BrandB,401
P812,Product 812,Electronics,BrandC,704
P813,Product 813,Fashion,BrandD,244
P814,Product 814,Grocery,BrandB,527
P815,Product 815,Furniture,BrandA,684
P816,Product 816,Electronics,BrandC,59
P817,Product 817,Electronics,BrandD,165
P818,Product 818,Fashion,BrandB,385
P819,Product 819,Furniture,BrandD,629
P820,Product 820,Grocery,BrandC,267
P821,Product 821,Grocery,BrandD,31
P822,Product 822,Grocery,BrandC,555
P823,Product 823,Hardware,BrandD,756
P824,Product 824,Hardware,BrandD,529
P825,Product 825,Furniture,BrandC,264
P826,Product 826,Grocery,BrandD,190
P827,Product 827,Electronics,BrandA,51
P828,Product 828,Grocery,BrandB,645
P829,Product 829,Furniture,BrandD,740
P830,Product 830,Grocery,BrandD,448
P831,Product 831,Fashion,BrandD,54
P832,Product 832,Grocery,BrandB,224
P833,Product 833,Electronics,BrandC,403
P834,Product 834,Furniture,BrandB,285
P835,Product 835,Furniture,BrandD,596
P836,Product 836,Electronics,BrandC,462
P837,Product 837,Furniture,BrandD,629
P838,Product 838,Grocery,BrandC,716
P839,Product 839,Furniture,BrandD,769
P840,Product 840,Grocery,BrandD,504
P841,Product 841,Furniture,BrandC,489
P842,Product 842,Grocery,BrandA,285
P843,Product 843,Grocery,BrandB,763
P844,Product 844,Electronics,BrandC,128
P845,Product 845,Electronics,BrandB,508
P846,Product 846,Hardware,BrandA,197
P847,Product 847,Electronics,BrandA,268
P848,Product 848,Grocery,BrandC,24
P849,Product 849,Grocery,BrandA,176
P850,Product 850,Furniture,BrandA,249
P851,Product 851,Furniture,BrandD,647
P852,Product 852,Hardware,BrandD,280
P853,Product 853,Grocery,BrandA,340
P854,Product 854,Hardware,BrandD,146
P855,Product 855,Grocery,BrandA,47
P856,Product 856,Electronics,BrandD,529
P857,Product 857,Furniture,BrandA,247
P858,Product 858,Hardware,BrandA,660
P859,Product 859,Fashion,BrandB,560
P860,Product 860,Grocery,BrandA,198
P861,Product 861,Electronics,BrandB,695
P862,Product 862,Fashion,BrandC,691
P863,Product 863,Electronics,BrandA,307
P864,Product 864,Electronics,BrandA,513
P865,Product 865,Grocery,BrandB,284
P866,Product 866,Electronics,BrandA,486
P867,Product 867,Hardware,BrandD,414
P868,Product 868,Fashion,BrandB,451
P869,Product 869,Electronics,BrandB,454
P870,Product 870,Electronics,BrandD,407
P871,Product 871,Furniture,BrandA,556
P872,Product 872,Furniture,BrandC,164
P873,Product 873,Hardware,BrandC,194
P874,Product 874,Furniture,BrandC,539
P875,Product 875,Electronics,BrandB,333
P876,Product 876,Electronics,BrandB,640
P877,Product 877,Fashion,BrandD,148
P878,Product 878,Furniture,BrandA,533
P879,Product 879,Grocery,BrandD,29
P880,Product 880,Furniture,BrandB,366
P881,Product 881,Electronics,BrandC,136
P882,Product 882,Fashion,BrandA,430
P883,Product 883,Furniture,BrandC,416
P884,Product 884,Fashion,BrandA,30
P885,Product 885,Furniture,BrandC,417
P886,Product 886,Hardware,BrandA,627
P887,Product 887,Electronics,BrandC,112
P888,Product 888,Electronics,BrandD,121
P889,Product 889,Grocery,BrandB,117
P890,Product 890,Electronics,BrandD,301
P891,Product 891,Grocery,BrandC,687
P892,Product 892,Electronics,BrandA,676
P893,Product 893,Furniture,BrandD,440
P894,Product 894,Furniture,BrandC,383
P895,Product 895,Hardware,BrandB,230
P896,Product 896,Furniture,BrandA,686
P897,Product 897,Fashion,BrandD,773
P898,Product 898,Furniture,BrandB,527
P899,Product 899,Grocery,BrandC,95
P900,Product 900,Hardware,BrandA,342
P901,Product 901,Fashion,BrandC,471
P902,Product 902,Fashion,BrandA,706
P903,Product 903,Electronics,BrandB,642
P904,Product 904,Grocery,BrandB,37
P905,Product 905,Furniture,BrandB,310
P906,Product 906,Furniture,BrandD,769
P907,Product 907,Electronics,BrandD,217
P908,Product 908,Furniture,BrandD,181
P909,Product 909,Fashion,BrandC,436
P910,Product 910,Furniture,BrandD,403
P911,Product 911,Furniture,BrandA,219
P912,Product 912,Fashion,BrandB,765
P913,Product 913,Grocery,BrandC,517
P914,Product 914,Grocery,BrandC,62
P915,Product 915,Fashion,BrandD,101
P916,Product 916,Fashion,BrandA,558
P917,Product 917,Hardware,BrandB,323
P918,Product 918,Hardware,BrandC,600
P919,Product 919,Furniture,BrandB,218
P920,Product 920,Furniture,BrandA,425
P921,Product 921,Hardware,BrandB,446
P922,Product 922,Furniture,BrandD,480
P923,Product 923,Grocery,BrandB,499
P924,Product 924,Grocery,BrandC,747
P925,Product 925,Electronics,BrandD,143
P926,Product 926,Hardware,BrandD,547
P927,Product 927,Grocery,BrandD,657
P928,Product 928,Electronics,BrandD,545
P929,Product 929,Fashion,BrandC,58
P930,Product 930,Grocery,BrandA,218
P931,Product 931,Electronics,BrandA,127
P932,Product 932,Furniture,BrandD,287
P933,Product 933,Electronics,BrandA,372
P934,Product 934,Grocery,BrandC,330
P935,Product 935,Furniture,BrandA,409
P936,Product 936,Furniture,BrandA,59
P937,Product 937,Electronics,BrandC,600
P938,Product 938,Electronics,BrandA,171
P939,Product 939,Grocery,BrandD,206
P940,Product 940,Furniture,BrandD,449
P941,Product 941,Hardware,BrandC,476
P942,Product 942,Electronics,BrandD,772
P943,Product 943,Hardware,BrandD,246
P944,Product 944,Hardware,BrandD,447
P945,Product 945,Furniture,BrandD,223
P946,Product 946,Grocery,BrandD,798
P947,Product 947,Hardware,BrandA,137
P948,Product 948,Grocery,BrandC,413
P949,Product 949,Electronics,BrandB,241
P950,Product 950,Furniture,BrandC,82
P951,Product 951,Fashion,BrandC,415
P952,Product 952,Furniture,BrandC,24
P953,Product 953,Fashion,BrandA,353
P954,Product 954,Electronics,BrandC,311
P955,Product 955,Grocery,BrandC,527
P956,Product 956,Electronics,BrandA,164
P957,Product 957,Furniture,BrandD,681
P958,Product 958,Fashion,BrandB,178
P959,Product 959,Fashion,BrandD,30
P960,Product 960,Furniture,BrandC,88
P961,Product 961,Furniture,BrandD,723
P962,Product 962,Electronics,BrandA,633
P963,Product 963,Hardware,BrandB,563
P964,Product 964,Fashion,BrandD,221
P965,Product 965,Furniture,BrandC,285
P966,Product 966,Electronics,BrandB,127
P967,Product 967,Hardware,BrandC,73
P968,Product 968,Grocery,BrandD,357
P969,Product 969,Furniture,BrandD,209
P970,Product 970,Hardware,BrandC,258
P971,Product 971,Grocery,BrandB,362
P972,Product 972,Grocery,BrandB,310
P973,Product 973,Electronics,BrandB,342
P974,Product 974,Fashion,BrandD,340
P975,Product 975,Furniture,BrandD,61
P976,Product 976,Hardware,BrandC,217
P977,Product 977,Grocery,BrandC,652
P978,Product 978,Fashion,BrandA,303
P979,Product 979,Grocery,BrandA,201
P980,Product 980,Furniture,BrandA,631
P981,Product 981,Furniture,BrandC,30
P982,Product 982,Electronics,BrandB,764
P983,Product 983,Furniture,BrandA,461
P984,Product 984,Furniture,BrandC,648
P985,Product 985,Furniture,BrandD,443
P986,Product 986,Fashion,BrandB,519
P987,Product 987,Hardware,BrandA,407
P988,Product 988,Hardware,BrandD,595
P989,Product 989,Furniture,BrandB,707
P990,Product 990,Hardware,BrandB,473
P991,Product 991,Furniture,BrandD,614
P992,Product 992,Hardware,BrandA,21
P993,Product 993,Hardware,BrandA,748
P994,Product 994,Grocery,BrandD,261
P995,Product 995,Fashion,BrandD,79
P996,Product 996,Grocery,BrandD,387
P997,Product 997,Grocery,BrandC,734
P998,Product 998,Hardware,BrandB,59
P999,Product 999,Electronics,BrandA,334
P1000,Product 1000,Electronics,BrandA,576
